Titre,URL,Location
Un Data Protection Officer en alternance H/F,https://www.stage.fr/job/6271988/un-data-protection-officer-en-alternance-h-f/,"
                    Rhône, France
                "
Ingénieur pfe / data - ia - h/f (Stage),https://www.stage.fr/job/6256767/ingénieur-pfe-data-ia-h-f-stage/,"
                    Rhône, France
                "
Data Analyst F/H,https://www.stage.fr/job/6249782/data-analyst-f-h/,"
                    Aéroport de Lyon-Saint Exupéry (LYS), 69125 Colombier-Saugnieu, France
                "
"Data analyst, en alternance",https://www.stage.fr/job/6202837/data-analyst-en-alternance/,"
                    69380 Chessy, France
                "
"DATA ANALYST, EN ALTERNANCE (H/F)",https://www.stage.fr/job/6280818/data-analyst-en-alternance-h-f/,"
                    69400 Villefranche-sur-Saône, France
                "
DATA ANALYST EN ALTERNANCE - (H/F),https://www.stage.fr/job/6280234/data-analyst-en-alternance-h-f/,"
                    Auvergne-Rhône-Alpes, France
                "
Data Analyst en alternance,https://www.stage.fr/job/6262324/data-analyst-en-alternance/,"
                    Auvergne-Rhône-Alpes, France
                "
DATA ANALYST EN ALTERNANCE - OFFRE (H/F),https://www.stage.fr/job/6254391/data-analyst-en-alternance-offre-h-f/,"
                    Auvergne-Rhône-Alpes, France
                "
DATA ANALYST EN ALTERNANCE - JOB (H/F),https://www.stage.fr/job/6254178/data-analyst-en-alternance-job-h-f/,"
                    Auvergne-Rhône-Alpes, France
                "
DATA ANALYST EN ALTERNANCE - EMPLOI (H/F),https://www.stage.fr/job/6253877/data-analyst-en-alternance-emploi-h-f/,"
                    Auvergne-Rhône-Alpes, France
                "
DATA ANALYST EN ALTERNANCE - HOMME / FEMME (H/F),https://www.stage.fr/job/6253097/data-analyst-en-alternance-homme-femme-h-f/,"
                    Auvergne-Rhône-Alpes, France
                "
DATA ANALYST EN ALTERNANCE (H/F),https://www.stage.fr/job/6252314/data-analyst-en-alternance-h-f/,"
                    Auvergne-Rhône-Alpes, France
                "
Un Data Protection Officer en alternance H/F,https://www.stage.fr/job/6284130/un-data-protection-officer-en-alternance-h-f/,"
                    Lyon, France
                "
Ingénieur projets systèmes industriels - Stage H/F,https://www.stage.fr/job/6284423/ingénieur-projets-systèmes-industriels-stage-h-f/,"
                    Lyon, France
                "
INGÉNIEUR D'AFFAIRES (H/F),https://www.stage.fr/job/6281091/ingénieur-d-affaires-h-f/,"
                    Lyon, France
                "
STAGE 2023 | ASSISTANT COMPTABLE H/F | NEUVILLE-SUR-SAONE,https://www.stage.fr/job/6266371/stage-2023-assistant-comptable-h-f-neuville-sur-saone/,"
                    Lyon, France
                "
Responsable Développement Réseau (passagers et fret) F/H,https://www.stage.fr/job/6123719/responsable-développement-réseau-passagers-et-fret-f-h/,"
                    Lyon, France
                "
Chef de projet études RWE expérimenté,https://www.stage.fr/job/5720598/chef-de-projet-études-rwe-expérimenté/,"
                    Lyon, France
                "
CHARGÉ DE MISSIONS (H/F),https://www.stage.fr/job/6281092/chargé-de-missions-h-f/,"
                    69280 Marcy-l'Étoile, France
                "
ALTERNANCE 2023 COLLABORATEUR COMPTABLE JUNIOR H/F LYON,https://www.stage.fr/job/6282815/alternance-2023-collaborateur-comptable-junior-h-f-lyon/,"
                    Rhône, France
                "
